{
  "train_loss": [
    0.8298548620194197,
    0.7225459385663271,
    0.6748982060700655,
    0.6613916514441371,
    0.618258249014616,
    0.5487081486731767,
    0.5013963642530144,
    0.4572544270195067,
    0.3947894358076155,
    0.35418415162712336,
    0.28710705060511826,
    0.26966566061601044,
    0.24689968624152242,
    0.23065526424907148,
    0.20344251864589752,
    0.18521419770549982,
    0.16773421964608132,
    0.14267563447356224,
    0.14116623456939123,
    0.14315477402415128,
    0.14016608078964055,
    0.11609226800501346,
    0.11168945030367468
  ],
  "train_f1": [
    0.4808291858348923,
    0.5715561458801154,
    0.6088819693374947,
    0.6155799858835759,
    0.6447506643301084,
    0.6878681617752652,
    0.731093488785182,
    0.7687545403084103,
    0.8017040829019756,
    0.8296876798551479,
    0.8689804754210395,
    0.8778668668420974,
    0.8843191978334376,
    0.8932556255600651,
    0.909653274893038,
    0.9149686157205249,
    0.9273005249050699,
    0.9380594528489846,
    0.9415496563146478,
    0.9354768632641628,
    0.9361885579032001,
    0.9491197761137741,
    0.9571084912933062
  ],
  "val_loss": [
    0.6981338798999787,
    0.6000627830624581,
    0.5251930698752403,
    0.5650074169039726,
    0.5774051532149315,
    0.42932218611240386,
    0.40992708429694175,
    0.39490865245461465,
    0.33837814778089526,
    0.3613239973783493,
    0.47119586616754533,
    0.39919357299804686,
    0.4472984544932842,
    0.5101477384567261,
    0.427236607670784,
    0.6294682681560516,
    0.4351062387228012,
    0.49707077220082285,
    0.578877392411232,
    0.5973525002598763,
    0.5758620575070381,
    0.5869379710406065,
    0.5723814256489277
  ],
  "val_f1": [
    0.6046919754800288,
    0.6487762022390972,
    0.690727994857733,
    0.7243982183920047,
    0.7449406425477916,
    0.780105970633921,
    0.801560211777236,
    0.8357220947013523,
    0.820006785038761,
    0.8425976008690501,
    0.8447931657542921,
    0.8520893392779357,
    0.862525510225194,
    0.8332633422805832,
    0.8750981846512479,
    0.8349564252025953,
    0.8559073378017259,
    0.868216498467861,
    0.8503699436991722,
    0.8591336789421176,
    0.8553414957433584,
    0.860865156566836,
    0.8632119732745283
  ],
  "lr": [
    5e-05,
    0.00019999999999999998,
    0.00034999999999999994,
    0.0005,
    0.000255,
    2.0000000000000003e-06,
    1.1000000000000001e-05,
    2e-05,
    1.9956983264444305e-05,
    1.9828322623995716e-05,
    1.961518324933773e-05,
    1.931949536365269e-05,
    1.8943936762221776e-05,
    1.8491908561896223e-05,
    1.796750440005648e-05,
    1.7375473361998164e-05,
    1.6721176972480207e-05,
    1.601054064092638e-05,
    1.5249999999999996e-05,
    1.4446442623517918e-05,
    1.36071456515155e-05,
    1.2739709887339556e-05,
    1.1851990963596208e-05
  ]
}